employee_id,first_name,last_name,job_title,department,email,address,phone_number,salary,password
792386,Lori,Nelson,Radiation protection practitioner,Geophysicist/field seismologist,vcohen@example.org,USCGC Lynn FPO AE 10444,508-966-2646,83240,Ire5tQcB
938585,Katie,Carter,Dentist,Agricultural consultant,amy46@example.net,"22471 Hodges Meadow Suite 835 Lake Courtneybury, AR 97178",+1-767-264-2550x5687,89255,xPKico0B
945655,Michelle,Vasquez,Administrator,Paediatric nurse,cruzabigail@example.com,"7122 Martinez Avenue Lake Johnnytown, VT 59569",001-682-494-2340,91026,PpGRPF82
968613,Michelle,Odonnell,"Solicitor, Scotland","Nurse, mental health",rlarson@example.com,"452 Mendez Well Lake Michaelland, MI 76081",001-952-247-9413x817,93608,NrDbBFvO
926383,Brandon,Park,"Engineer, chemical","Therapist, nutritional",aterry@example.net,"389 Fowler Canyon Albertport, LA 77134",001-651-464-9363x50769,16597,J7mBCfgM
828788,Jacob,Salazar,Legal secretary,Dancer,taustin@example.org,"702 Washington Curve Apt. 296 Wendyview, AL 81669",896-882-6166,35037,qhT5faRP
505449,Matthew,White,"Accountant, chartered public finance",Financial planner,fordmark@example.net,"971 Curtis Club South Nicole, LA 65242",373.455.9333x491,7151,S7f1inVM
926232,Michael,Hester,Sports development officer,"Engineer, manufacturing",scottcarl@example.net,"157 Matthew Parks North Jackburgh, PA 28569",(974)723-0878x11445,74670,JUDYKjhk
224827,Michael,Bass,Clothing/textile technologist,Actor,hannahstokes@example.net,"6394 Mallory Ridges North Dana, TN 50217",+1-601-242-2752,71761,3A7QNNaa
813601,Shannon,Phillips,Financial adviser,Outdoor activities/education manager,jacobherring@example.org,"3554 Victoria Rapid Apt. 636 Williamsstad, ID 14532",(677)557-5064x6294,16198,PHADRHJf
778598,Marissa,Maynard,Retail buyer,Financial controller,johnsonscott@example.com,Unit 0293 Box 8931 DPO AA 53533,618-813-0067,39480,cc2EIhfP
447424,Anthony,Ferguson,Theatre manager,"Engineer, civil (contracting)",robertharrison@example.com,"3375 Robert Harbors Port Dianestad, FM 61228",762.615.7992,39705,29I35KLl
745665,Amanda,Martin,Insurance broker,"Teacher, adult education",cohenzachary@example.org,"78893 Erin Shore Suite 171 Ericaview, WI 61544",600-554-9763,99372,XLygNxRD
706903,Michael,Jones,"Therapist, art",Advice worker,bdavis@example.org,"5861 Juarez Falls Apt. 401 Clarkshire, LA 49848",470.407.7399x91976,14553,FSo2JDhN
231678,Jacqueline,Morrow,"Therapist, art","Designer, ceramics/pottery",christy69@example.org,"9371 Sheila Place Smithberg, UT 89794",+1-710-318-0733,16867,am18xjCM
301681,Rebecca,Bell,Stage manager,Video editor,cartertravis@example.org,"31521 Ross Lake Suite 189 New Morganburgh, RI 05150",800-953-3568x7193,90734,9vFmml77
807187,Stacey,Graham,Higher education lecturer,"Engineer, maintenance",wsullivan@example.com,"455 Nicholas Canyon Apt. 675 Karenbury, MT 59861",631.792.5102,62133,ZkvFAW80
920481,Anthony,Leach,Sports therapist,Magazine features editor,jason01@example.org,"6168 Miranda Manors Suite 383 Murphyfort, ID 08329",+1-971-906-6216,78259,L3IEj5df
357499,Jill,Spencer,Consulting civil engineer,Art gallery manager,esanchez@example.net,USNS Sparks FPO AA 64509,274.446.1366x29450,11405,i2X7UCde
936806,Ryan,Jones,Publishing copy,Electronics engineer,joel64@example.org,"2390 Norton Wall South Justin, RI 11306",929.206.0989,65997,DhXAHg4q
521073,Caroline,Wilson,Hydrographic surveyor,Museum/gallery curator,edward06@example.net,"PSC 3207, Box 5812 APO AE 93927",319-884-8872,19343,UzfNXKmA
943665,Margaret,Chandler,Statistician,Social researcher,carrie31@example.net,"4709 Rasmussen Path Port Jackie, NY 85857",001-375-222-1474x0228,28620,mDNube6F
764231,Kenneth,Miller,Print production planner,Electrical engineer,danielle82@example.org,"91437 Maria Locks Suite 094 Kelliside, VA 53899",7574264942,86522,N6H27Hmg
965511,Christopher,Anderson,Housing manager/officer,Tree surgeon,millerjennifer@example.net,"638 Lauren Bypass West Kayla, DE 25402",+1-917-883-3602x99476,54322,Btfwe82O
694916,Margaret,Lang,"Engineer, site",Product/process development scientist,yoderbrian@example.com,"28952 Mitchell Ferry Apt. 674 Mayburgh, WV 20024",235-989-3880x01552,367,41ss4GNR
212257,Andrea,Martin,Information systems manager,Licensed conveyancer,david50@example.net,"453 Sharon Lock Garyton, MO 76962",(367)955-2645x158,49186,NZibIlmm
504226,Mark,Garcia,Environmental education officer,Production manager,reeveswilliam@example.net,"PSC 3622, Box 2524 APO AE 64866",(643)390-3014x65140,88169,ML8T1xSM
354747,Tiffany,Murphy,Gaffer,Colour technologist,williamsrobert@example.net,"385 Jones River Apt. 915 Pruittchester, IA 92846",619-741-1142x13772,37387,BFfmELUC
261066,Betty,Cannon,Museum education officer,Chief Technology Officer,drice@example.org,"68821 Turner Ports Apt. 874 South Anthony, ME 36878",+1-576-937-1715x00653,95680,ghIKvQ7J
382224,Sherry,Horton,"Scientist, research (physical sciences)","Social research officer, government",millerdarrell@example.org,"82844 Alexis Glens Hortonville, PR 37322",001-973-835-1601x833,25459,HUMZJqeh
309198,Brandon,Shelton,Art therapist,Legal secretary,uarnold@example.net,"72449 Jackson Flats Smithport, MA 73503",204-774-0840x211,82640,p5HF077H
858457,Kurt,Williams,Paediatric nurse,Medical physicist,john90@example.org,"356 Brown Shore Suite 563 South Christina, SD 69277",(845)579-6073x6269,79664,4zotHdGg
762607,Richard,Peterson,Camera operator,Sports coach,kyleaustin@example.net,"0288 Wright Prairie Apt. 728 Robinsonmouth, TN 48648",+1-711-867-3177x9201,86242,m8fTJHcx
663041,Alexander,Hernandez,Graphic designer,Broadcast journalist,brianna45@example.net,"141 Nicole Pike East Kenneth, CA 56441",(600)322-7349,18130,XinXga1C
599745,Christopher,Norris,"Teacher, special educational needs","Research officer, political party",umedina@example.com,"830 Michael Mount Suite 613 West Kathyview, NE 97613",(833)900-2965x29316,37840,eDlMNwht
185855,Christine,Stein,Broadcast presenter,"Administrator, Civil Service",millerdavid@example.com,"021 Morgan Turnpike Johnton, TX 65040",001-962-923-1763,11963,ATBm02E5
766636,Edwin,Sandoval,Games developer,Music tutor,xlee@example.net,"8146 Susan Plain Suite 115 Richardbury, NJ 69888",999.566.5807,51752,xEkdI3GC
635557,Craig,Perez,"Investment banker, operational","Geneticist, molecular",ramirezmelissa@example.org,"8562 Nathan Unions Suite 964 Carolineton, NC 51317",983.673.0691x04537,50021,kGxHEPur
963667,Thomas,Bates,"Therapist, speech and language",Product manager,njackson@example.net,"23361 Salazar Lock Lake Debbiechester, WI 72397",+1-293-997-2956,64543,jOCB0YF8
610131,Joseph,Johnson,Radiation protection practitioner,Ship broker,emily01@example.com,"513 Garrison Street Apt. 281 Randychester, KY 73219",001-409-881-5331x913,8245,R8x6jk4b
667187,Brooke,May,"Research officer, political party",Community pharmacist,tmays@example.com,"933 Rodriguez Prairie Suite 617 Barbertown, HI 72105",001-460-318-0009x122,33417,xIzpumaq
529104,Anthony,Payne,Sales executive,Race relations officer,chenanna@example.com,"15722 Ronald Mill West Angelachester, SD 10311",001-429-573-9018x3940,3907,rnAmWmEx
392187,Corey,Clark,"Surveyor, building control",Quality manager,bradley10@example.net,"969 Robinson Harbors Cabreraview, AS 77543",789.857.4926,66736,efmAbZnE
940886,Stephen,Jones,Theatre director,Armed forces logistics/support/administrative officer,gmcdonald@example.org,"11204 Juarez Prairie Michaelbury, NC 33149",606-552-1869x0215,50846,QrwZJUMV
328911,Harold,Rivera,Forest/woodland manager,Occupational hygienist,helenclark@example.net,"3932 Rodriguez Knoll Apt. 953 Autumnmouth, MD 77093",001-590-955-8472x0591,22551,luRXaoHE
798646,Juan,Griffith,Tourism officer,Cabin crew,campbellbrandon@example.com,"7028 Grant Rapid Lake David, GA 03168",+1-642-339-1674x50699,61360,9WoqvX8r
156357,Jason,Herrera,"Scientist, biomedical","Psychotherapist, child",shawnwagner@example.org,"180 Mary Center Lake Alexanderfort, WY 24510",001-969-604-4613x3116,88405,gTGlWwqE
175772,Calvin,Silva,"Copywriter, advertising",Sub,xkim@example.net,"40665 Beth Junctions Edwardsview, FM 99824",478.407.6878x14453,6820,0cceOWor
768368,Amanda,Hughes,"Programmer, systems",Dance movement psychotherapist,brian95@example.org,"6076 Leslie Path Rhondaton, MT 41151",+1-851-374-1353x800,85316,HYTGNVjo
997080,April,Webb,Environmental education officer,"Programmer, systems",chaneycrystal@example.com,"122 Emily Ford East Elizabeth, MS 82394",972-912-9394,71983,meLPK85T
841000,Chad,Choi,Water engineer,"Psychotherapist, child",jmoore@example.org,"115 Hoffman Gateway Port Ericbury, WV 08464",001-442-362-7444x12761,65715,3cEgmtPl
391587,Casey,Brown,"Therapist, occupational","Research officer, trade union",zfoley@example.org,"PSC 3116, Box 1001 APO AP 19940",615.280.1419,56782,rfMFyvg4
208894,Paul,Morgan,Environmental manager,Commercial art gallery manager,keithpittman@example.net,"481 Shaffer Mountains Masonfurt, UT 70217",260-930-6850,61705,m7rrOt4P
695994,Ashley,Turner,Architectural technologist,Counselling psychologist,gilesamy@example.org,"23182 Christopher Terrace Apt. 934 Perezhaven, VA 60135",500-286-0092x5938,96937,SdTf5Sof
901451,Michael,Park,Police officer,Chief Operating Officer,connie13@example.com,"5564 Martin Courts Suite 853 Ginaside, NM 15562",273-566-3490x9504,96749,PQA11bYA
618976,Patrick,Green,Social researcher,"Accountant, chartered public finance",leeanthony@example.org,"4977 Julie Drive North Sandra, VI 98426",(589)723-3176x1851,34998,KmJjQo0Y
409881,Cynthia,Arroyo,Research scientist (physical sciences),"Administrator, local government",traceydavis@example.net,Unit 7288 Box 5606 DPO AE 01890,385.558.1811,46162,4O7SAzfH
973137,Tiffany,Daniel,Financial manager,Pharmacologist,john50@example.net,"013 Danielle Groves Suite 069 Rosalesfort, AK 16646",(278)966-5200x740,46709,CiLrg9Tx
903774,Brian,Ortiz,Clinical cytogeneticist,"Lecturer, further education",torresjade@example.net,"3731 Hernandez Shoals Apt. 405 Sarahstad, NV 37636",353-919-8358x075,91807,wdqsHZS6
824587,Richard,Rivera,Broadcast engineer,Clinical psychologist,christinezuniga@example.net,"3383 Ramirez Tunnel Suite 269 Michaelview, VA 75733",001-422-596-0221x1076,67247,ZZK8qAxD
545520,Connor,Ortiz,Product manager,Ophthalmologist,leonardjeremy@example.net,"762 Terri Rue Shaneside, VI 71245",+1-933-642-7314,52753,5b96298w
860420,Gabriela,Aguilar,Trade mark attorney,Financial trader,raynicholas@example.org,"625 Griffith Fork Suite 587 Jamiestad, ME 33106",906.251.1462x18358,62053,gYNCWRjt
573900,Travis,Stephens,Insurance underwriter,"Designer, furniture",tstevens@example.com,"815 Kevin Mountain Suite 721 Carrchester, WI 18284",001-818-285-2630x4612,59066,NWueKBZ3
824586,Jennifer,Scott,Estate agent,Ceramics designer,robertpage@example.com,USNV Evans FPO AP 09713,001-850-852-6311x9442,56681,QmWTqtmo
969849,Barbara,Andrews,"Education officer, environmental",Data scientist,brittany12@example.com,"01640 Patrick Park Nelsonmouth, AS 55597",+1-845-401-1415,80860,B4W3CamV
293931,Erica,Bowen,Homeopath,Operations geologist,shannonlawson@example.com,"PSC 4969, Box 3031 APO AP 71411",2344863000,29896,G3jp405V
106803,Eric,Hall,Location manager,Aid worker,huberholly@example.org,"3219 Linda Stream East Paul, SC 19407",210.209.2870,10584,OUI7qtr8
957970,Jacob,Willis,Pharmacologist,Professor Emeritus,kwiggins@example.org,"80181 Burns Road Suite 909 Goodwinfurt, MO 48672",850.850.3413x02664,71699,K4A23QEg
862845,Carlos,Evans,Dance movement psychotherapist,Farm manager,walkercrystal@example.org,"504 Steven Terrace North Elainebury, IN 07650",878.878.1719x6857,48138,zRkShhkn
352324,Ashley,Butler,Medical sales representative,Horticultural therapist,brianwilliams@example.net,"6527 Carolyn Parks Maytown, ME 90468",(233)459-7840,86295,XQa7ELxY
299794,Kristina,Russo,Artist,"Conservation officer, historic buildings",warroyo@example.com,"9498 Pamela Turnpike Apt. 193 Sanchezborough, VI 84802",979-487-3608x623,68791,c47ZIAm0
487698,Pamela,Smith,"Scientist, research (maths)",Video editor,ethanmartinez@example.org,"445 Keller Pines Suite 819 Pittmanmouth, SD 76211",466.930.8544,23309,3dZsSD2y
810482,Cheryl,Ortiz,International aid/development worker,Brewing technologist,jameswoods@example.com,"038 Daniel Rest West Elizabeth, ND 22264",435-714-0698,4078,GAtEJ6oS
915480,Christopher,Moreno,Data processing manager,"Investment banker, corporate",prodriguez@example.net,"6555 Barr Ramp Apt. 511 Pooletown, IL 48762",7659573675,87343,iVx9HxG7
524567,Angela,Schmidt,Records manager,Consulting civil engineer,rodriguezsavannah@example.net,"66029 Thomas Coves Apt. 653 New Kiaramouth, MA 85276",001-231-331-8645x0609,4247,Jz88Jy68
219762,Lisa,Baird,"Engineer, drilling",Homeopath,qzavala@example.org,USCGC Schneider FPO AP 85861,001-374-440-9314x322,43319,LFLOkVun
605042,Kimberly,Brown,Warehouse manager,Civil Service administrator,richard68@example.org,"9271 John Stravenue Scotttown, WY 93484",853.371.3941,33116,eltFV5kw
466220,Tracie,Holmes,Government social research officer,Consulting civil engineer,bweaver@example.org,"926 Hensley Greens Gilmoreview, IA 90732",001-841-503-3738,58015,wB4xmGSH
559926,Jessica,Oliver,"Biochemist, clinical","Conservation officer, nature",douglasalicia@example.com,"6526 Michelle Roads Suite 343 South Hannah, ME 48219",584-640-5614,47103,yKZJmmqh
165160,Ann,Morgan,"Pharmacist, hospital","Programmer, systems",watkinsmaurice@example.net,"1583 Ruben Unions Antonioport, MH 33679",979-304-8341,94407,zBkUg6eA
927425,Kathryn,Johnson,Web designer,"Programme researcher, broadcasting/film/video",wprice@example.net,"86435 Reed View Suite 861 South Rodney, OR 87087",001-895-971-0312,19684,mGo8DnCD
427035,Lisa,Haynes,"Scientist, research (physical sciences)",Restaurant manager,normanburnett@example.net,"2388 Higgins Circle Apt. 555 Sarahchester, OR 96191",8169232710,17269,yJs2tL3O
137567,Jill,Price,Insurance broker,Oncologist,andreamorgan@example.com,"957 Daniel River South Christina, NE 18043",(557)846-7107x2641,16454,F5amkuh9
156691,Victoria,Harris,"Editor, magazine features",Metallurgist,joe35@example.org,"6938 Christopher Extensions Wilsonfort, NV 11915",(798)964-6060x254,71234,lS8r646m
958957,Alicia,Boyd,Animal technologist,"Production designer, theatre/television/film",tiffanymora@example.com,"438 Carol Stravenue Martinmouth, FL 21334",508.211.9605x436,92643,OC6V0bBa
263376,Denise,Olson,"Nurse, mental health",Applications developer,wheath@example.net,"413 Sarah Points Suite 317 Johnsonfurt, VA 90054",(740)723-1189x6850,22039,JE93YTTd
111131,Kevin,Sanders,Geophysicist/field seismologist,Teaching laboratory technician,tammy03@example.net,"28251 Sarah Bridge Apt. 701 New Jason, NH 01948",001-550-500-8205,97249,tBoNpuWD
662473,Brooke,Castro,Optometrist,Fitness centre manager,michellewong@example.org,"44809 Diana Radial Port Thomas, TX 37821",741.405.5258,53813,yjOoA5rE
512875,Christopher,Rodriguez,Radio producer,"Civil engineer, contracting",tanyaperez@example.com,USNV Dominguez FPO AP 58627,+1-928-833-3626x078,61449,1JCB0Qo6
372930,Eric,Booth,"Engineer, electronics","Lecturer, further education",jeremynichols@example.com,"691 Terri View Katrinafurt, NC 44032",+1-999-390-3265x280,54225,KrctjD1J
956168,Daniel,Flores,"Engineer, communications",Government social research officer,anthony47@example.org,"2229 Haynes Bridge Apt. 826 New Christopher, OH 54648",548-909-0863x0615,70501,EgUQzFwb
331505,Samantha,Nicholson,Video editor,Building services engineer,yray@example.net,"655 Roy Way Schmittside, CA 18310",395-442-0466x9765,5703,kygpBkV2
909053,Lindsay,Kirby,Museum/gallery conservator,Immunologist,yolandabutler@example.org,"64551 Phillip Tunnel Youngton, WI 12378",001-653-321-4321x762,38834,mjq8eYSB
439920,Christopher,Boyd,Haematologist,Accounting technician,xmcneil@example.com,"37014 Allen Tunnel Apt. 927 Staceyfort, MT 39446",(934)659-8549x32609,29361,ZTSBhqJX
578526,Matthew,Martinez,Special educational needs teacher,Human resources officer,lbanks@example.com,"0152 Nichole Street Suite 866 Coreyport, KS 19503",001-664-716-9836,441,Tef1sA4O
402893,Haley,Smith,Transport planner,"Education officer, community",paul48@example.org,"339 Jennifer Squares Curryport, VA 81276",+1-783-801-9263x80836,59250,7msDuWoY
471360,Michelle,Richardson,Banker,Medical illustrator,cody30@example.com,"PSC 7956, Box 5542 APO AE 24721",7329689225,29006,qIujHrA3
899943,Krista,Mills,Surgeon,Lobbyist,lisamontgomery@example.com,"548 Walker Mount Apt. 683 South Margaret, UT 48771",001-804-470-9424x1369,48473,oCQiId5I
968597,Brian,Johnson,"Runner, broadcasting/film/video",Forensic scientist,brittanyrobinson@example.org,"01790 Wagner Stream Nathanstad, IL 65485",(904)475-9693x39567,82616,5VeHTcIS
766133,David,Moore,Gaffer,Animal nutritionist,ibishop@example.org,"4420 Johnson Gardens Apt. 868 Lake Allisonborough, WI 98107",6753273587,13715,cn7nTuCW
